/*
  # Fix captain_id and add missing scorecards

  1. Changes
    - Update captain_id for all 10 teams (the previous update didn't take effect)
    - Add match_innings for matches 3-6 (completed matches missing scorecards)
    - Add innings_batsmen and innings_bowlers for those matches

  2. Notes
    - Uses UPDATE with explicit IDs to ensure captains are set
*/

-- Fix captain_id
UPDATE teams SET captain_id = 'b0000001-0000-0000-0000-000000000001' WHERE id = 'a0000001-0000-0000-0000-000000000001' AND captain_id IS NULL;
UPDATE teams SET captain_id = 'b0000002-0000-0000-0000-000000000001' WHERE id = 'a0000001-0000-0000-0000-000000000002' AND captain_id IS NULL;
UPDATE teams SET captain_id = 'b0000003-0000-0000-0000-000000000001' WHERE id = 'a0000001-0000-0000-0000-000000000003' AND captain_id IS NULL;
UPDATE teams SET captain_id = 'b0000004-0000-0000-0000-000000000001' WHERE id = 'a0000001-0000-0000-0000-000000000004' AND captain_id IS NULL;
UPDATE teams SET captain_id = 'b0000005-0000-0000-0000-000000000001' WHERE id = 'a0000001-0000-0000-0000-000000000005' AND captain_id IS NULL;
UPDATE teams SET captain_id = 'b0000006-0000-0000-0000-000000000001' WHERE id = 'a0000001-0000-0000-0000-000000000006' AND captain_id IS NULL;
UPDATE teams SET captain_id = 'b0000007-0000-0000-0000-000000000001' WHERE id = 'a0000001-0000-0000-0000-000000000007' AND captain_id IS NULL;
UPDATE teams SET captain_id = 'b0000008-0000-0000-0000-000000000001' WHERE id = 'a0000001-0000-0000-0000-000000000008' AND captain_id IS NULL;
UPDATE teams SET captain_id = 'b0000009-0000-0000-0000-000000000001' WHERE id = 'a0000001-0000-0000-0000-000000000009' AND captain_id IS NULL;
UPDATE teams SET captain_id = 'b0000010-0000-0000-0000-000000000001' WHERE id = 'a0000001-0000-0000-0000-000000000010' AND captain_id IS NULL;

-- Match 3: SRH vs DC - SRH won by 4 wickets (DC batted first: 175/8, SRH chased: 176/6)
INSERT INTO match_innings (id, match_id, innings_number, batting_team_id, bowling_team_id, total_runs, wickets_lost, overs_bowled, extras_total) VALUES
  ('d0000003-0000-0000-0000-000000000001', 'c0000001-0000-0000-0000-000000000003', 1, 'a0000001-0000-0000-0000-000000000005', 'a0000001-0000-0000-0000-000000000008', 175, 8, 20.0, 11),
  ('d0000003-0000-0000-0000-000000000002', 'c0000001-0000-0000-0000-000000000003', 2, 'a0000001-0000-0000-0000-000000000008', 'a0000001-0000-0000-0000-000000000005', 176, 6, 19.1, 8);

INSERT INTO innings_batsmen (innings_id, player_id, player_name, runs_scored, balls_faced, fours, sixes, dismissal, strike_rate, batting_order) VALUES
  ('d0000003-0000-0000-0000-000000000001', 'b0000005-0000-0000-0000-000000000002', 'David Warner', 52, 38, 6, 1, 'c Klaasen b Cummins', 136.84, 1),
  ('d0000003-0000-0000-0000-000000000001', 'b0000005-0000-0000-0000-000000000006', 'Prithvi Shaw', 31, 24, 4, 0, 'b Bhuvneshwar', 129.17, 2),
  ('d0000003-0000-0000-0000-000000000001', 'b0000005-0000-0000-0000-000000000001', 'Rishabh Pant', 35, 22, 3, 1, 'c Head b Malik', 159.09, 3),
  ('d0000003-0000-0000-0000-000000000001', 'b0000005-0000-0000-0000-000000000003', 'Axar Patel', 22, 16, 2, 0, 'run out', 137.50, 4),
  ('d0000003-0000-0000-0000-000000000001', 'b0000005-0000-0000-0000-000000000004', 'Kuldeep Yadav', 15, 12, 1, 0, 'not out', 125.00, 5),
  ('d0000003-0000-0000-0000-000000000002', 'b0000008-0000-0000-0000-000000000003', 'Travis Head', 68, 42, 8, 2, 'b Nortje', 161.90, 1),
  ('d0000003-0000-0000-0000-000000000002', 'b0000008-0000-0000-0000-000000000002', 'Aiden Markram', 32, 28, 3, 0, 'c Pant b Axar', 114.29, 2),
  ('d0000003-0000-0000-0000-000000000002', 'b0000008-0000-0000-0000-000000000007', 'Heinrich Klaasen', 38, 20, 2, 2, 'not out', 190.00, 3),
  ('d0000003-0000-0000-0000-000000000002', 'b0000008-0000-0000-0000-000000000001', 'Pat Cummins', 18, 10, 1, 1, 'not out', 180.00, 4);

INSERT INTO innings_bowlers (innings_id, player_id, player_name, overs_bowled, maidens, runs_conceded, wickets_taken, economy) VALUES
  ('d0000003-0000-0000-0000-000000000001', 'b0000008-0000-0000-0000-000000000001', 'Pat Cummins', 4.0, 0, 32, 1, 8.00),
  ('d0000003-0000-0000-0000-000000000001', 'b0000008-0000-0000-0000-000000000004', 'Bhuvneshwar Kumar', 4.0, 0, 38, 1, 9.50),
  ('d0000003-0000-0000-0000-000000000001', 'b0000008-0000-0000-0000-000000000006', 'Umran Malik', 4.0, 0, 42, 1, 10.50),
  ('d0000003-0000-0000-0000-000000000002', 'b0000005-0000-0000-0000-000000000005', 'Anrich Nortje', 4.0, 0, 45, 1, 11.25),
  ('d0000003-0000-0000-0000-000000000002', 'b0000005-0000-0000-0000-000000000003', 'Axar Patel', 4.0, 0, 30, 1, 7.50),
  ('d0000003-0000-0000-0000-000000000002', 'b0000005-0000-0000-0000-000000000004', 'Kuldeep Yadav', 3.1, 0, 35, 1, 10.77);

-- Match 4: GT vs PBKS - GT won by 8 runs (GT batted first: 192/5, PBKS: 184/8)
INSERT INTO match_innings (id, match_id, innings_number, batting_team_id, bowling_team_id, total_runs, wickets_lost, overs_bowled, extras_total) VALUES
  ('d0000004-0000-0000-0000-000000000001', 'c0000001-0000-0000-0000-000000000004', 1, 'a0000001-0000-0000-0000-000000000010', 'a0000001-0000-0000-0000-000000000006', 192, 5, 20.0, 10),
  ('d0000004-0000-0000-0000-000000000002', 'c0000001-0000-0000-0000-000000000004', 2, 'a0000001-0000-0000-0000-000000000006', 'a0000001-0000-0000-0000-000000000010', 184, 8, 20.0, 7);

INSERT INTO innings_batsmen (innings_id, player_id, player_name, runs_scored, balls_faced, fours, sixes, dismissal, strike_rate, batting_order) VALUES
  ('d0000004-0000-0000-0000-000000000001', 'b0000010-0000-0000-0000-000000000001', 'Shubman Gill', 72, 48, 8, 2, 'b Rabada', 150.00, 1),
  ('d0000004-0000-0000-0000-000000000001', 'b0000010-0000-0000-0000-000000000008', 'Sai Sudharsan', 45, 32, 5, 0, 'c Brar b Arshdeep', 140.63, 2),
  ('d0000004-0000-0000-0000-000000000001', 'b0000010-0000-0000-0000-000000000003', 'David Miller', 35, 18, 2, 2, 'not out', 194.44, 3),
  ('d0000004-0000-0000-0000-000000000001', 'b0000010-0000-0000-0000-000000000002', 'Rashid Khan', 22, 12, 1, 2, 'c Livingstone b Curran', 183.33, 4),
  ('d0000004-0000-0000-0000-000000000002', 'b0000006-0000-0000-0000-000000000001', 'Shikhar Dhawan', 48, 36, 5, 1, 'b Shami', 133.33, 1),
  ('d0000004-0000-0000-0000-000000000002', 'b0000006-0000-0000-0000-000000000004', 'Liam Livingstone', 42, 24, 3, 2, 'c Miller b Rashid', 175.00, 2),
  ('d0000004-0000-0000-0000-000000000002', 'b0000006-0000-0000-0000-000000000002', 'Sam Curran', 28, 20, 2, 0, 'run out', 140.00, 3),
  ('d0000004-0000-0000-0000-000000000002', 'b0000006-0000-0000-0000-000000000005', 'Jitesh Sharma', 24, 16, 2, 1, 'not out', 150.00, 4);

INSERT INTO innings_bowlers (innings_id, player_id, player_name, overs_bowled, maidens, runs_conceded, wickets_taken, economy) VALUES
  ('d0000004-0000-0000-0000-000000000001', 'b0000006-0000-0000-0000-000000000003', 'Arshdeep Singh', 4.0, 0, 38, 1, 9.50),
  ('d0000004-0000-0000-0000-000000000001', 'b0000006-0000-0000-0000-000000000006', 'Kagiso Rabada', 4.0, 0, 42, 1, 10.50),
  ('d0000004-0000-0000-0000-000000000001', 'b0000006-0000-0000-0000-000000000002', 'Sam Curran', 4.0, 0, 40, 1, 10.00),
  ('d0000004-0000-0000-0000-000000000001', 'b0000006-0000-0000-0000-000000000007', 'Harpreet Brar', 4.0, 0, 35, 0, 8.75),
  ('d0000004-0000-0000-0000-000000000002', 'b0000010-0000-0000-0000-000000000004', 'Mohammed Shami', 4.0, 0, 36, 1, 9.00),
  ('d0000004-0000-0000-0000-000000000002', 'b0000010-0000-0000-0000-000000000002', 'Rashid Khan', 4.0, 0, 28, 1, 7.00),
  ('d0000004-0000-0000-0000-000000000002', 'b0000010-0000-0000-0000-000000000007', 'Noor Ahmad', 4.0, 0, 32, 0, 8.00);

-- Match 5: RR vs LSG - RR won by 5 wickets (LSG batted first: 180/6, RR chased: 183/5)
INSERT INTO match_innings (id, match_id, innings_number, batting_team_id, bowling_team_id, total_runs, wickets_lost, overs_bowled, extras_total) VALUES
  ('d0000005-0000-0000-0000-000000000001', 'c0000001-0000-0000-0000-000000000005', 1, 'a0000001-0000-0000-0000-000000000009', 'a0000001-0000-0000-0000-000000000007', 180, 6, 20.0, 9),
  ('d0000005-0000-0000-0000-000000000002', 'c0000001-0000-0000-0000-000000000005', 2, 'a0000001-0000-0000-0000-000000000007', 'a0000001-0000-0000-0000-000000000009', 183, 5, 19.2, 6);

INSERT INTO innings_batsmen (innings_id, player_id, player_name, runs_scored, balls_faced, fours, sixes, dismissal, strike_rate, batting_order) VALUES
  ('d0000005-0000-0000-0000-000000000001', 'b0000009-0000-0000-0000-000000000001', 'KL Rahul', 55, 40, 6, 1, 'c Samson b Chahal', 137.50, 1),
  ('d0000005-0000-0000-0000-000000000001', 'b0000009-0000-0000-0000-000000000002', 'Quinton de Kock', 38, 26, 4, 1, 'b Ashwin', 146.15, 2),
  ('d0000005-0000-0000-0000-000000000001', 'b0000009-0000-0000-0000-000000000007', 'Nicholas Pooran', 42, 22, 3, 3, 'c Buttler b Chahal', 190.91, 3),
  ('d0000005-0000-0000-0000-000000000001', 'b0000009-0000-0000-0000-000000000003', 'Marcus Stoinis', 25, 18, 2, 0, 'not out', 138.89, 4),
  ('d0000005-0000-0000-0000-000000000002', 'b0000007-0000-0000-0000-000000000003', 'Yashasvi Jaiswal', 62, 36, 7, 2, 'b Bishnoi', 172.22, 1),
  ('d0000005-0000-0000-0000-000000000002', 'b0000007-0000-0000-0000-000000000002', 'Jos Buttler', 45, 30, 4, 1, 'c de Kock b Avesh', 150.00, 2),
  ('d0000005-0000-0000-0000-000000000002', 'b0000007-0000-0000-0000-000000000001', 'Sanju Samson', 38, 24, 3, 1, 'not out', 158.33, 3),
  ('d0000005-0000-0000-0000-000000000002', 'b0000007-0000-0000-0000-000000000004', 'Ravichandran Ashwin', 18, 12, 1, 0, 'not out', 150.00, 4);

INSERT INTO innings_bowlers (innings_id, player_id, player_name, overs_bowled, maidens, runs_conceded, wickets_taken, economy) VALUES
  ('d0000005-0000-0000-0000-000000000001', 'b0000007-0000-0000-0000-000000000006', 'Yuzvendra Chahal', 4.0, 0, 38, 2, 9.50),
  ('d0000005-0000-0000-0000-000000000001', 'b0000007-0000-0000-0000-000000000004', 'Ravichandran Ashwin', 4.0, 0, 32, 1, 8.00),
  ('d0000005-0000-0000-0000-000000000001', 'b0000007-0000-0000-0000-000000000005', 'Trent Boult', 4.0, 0, 42, 0, 10.50),
  ('d0000005-0000-0000-0000-000000000002', 'b0000009-0000-0000-0000-000000000005', 'Ravi Bishnoi', 4.0, 0, 40, 1, 10.00),
  ('d0000005-0000-0000-0000-000000000002', 'b0000009-0000-0000-0000-000000000006', 'Avesh Khan', 3.2, 0, 38, 1, 11.25),
  ('d0000005-0000-0000-0000-000000000002', 'b0000009-0000-0000-0000-000000000004', 'Krunal Pandya', 4.0, 0, 35, 0, 8.75);

-- Match 6: RCB vs GT - RCB won by 23 runs (RCB batted first: 205/4, GT: 182/8)
INSERT INTO match_innings (id, match_id, innings_number, batting_team_id, bowling_team_id, total_runs, wickets_lost, overs_bowled, extras_total) VALUES
  ('d0000006-0000-0000-0000-000000000001', 'c0000001-0000-0000-0000-000000000006', 1, 'a0000001-0000-0000-0000-000000000003', 'a0000001-0000-0000-0000-000000000010', 205, 4, 20.0, 12),
  ('d0000006-0000-0000-0000-000000000002', 'c0000001-0000-0000-0000-000000000006', 2, 'a0000001-0000-0000-0000-000000000010', 'a0000001-0000-0000-0000-000000000003', 182, 8, 20.0, 8);

INSERT INTO innings_batsmen (innings_id, player_id, player_name, runs_scored, balls_faced, fours, sixes, dismissal, strike_rate, batting_order) VALUES
  ('d0000006-0000-0000-0000-000000000001', 'b0000003-0000-0000-0000-000000000001', 'Virat Kohli', 82, 52, 9, 3, 'not out', 157.69, 1),
  ('d0000006-0000-0000-0000-000000000001', 'b0000003-0000-0000-0000-000000000002', 'Faf du Plessis', 38, 28, 4, 0, 'c Saha b Shami', 135.71, 2),
  ('d0000006-0000-0000-0000-000000000001', 'b0000003-0000-0000-0000-000000000003', 'Glenn Maxwell', 45, 22, 3, 3, 'c Gill b Rashid', 204.55, 3),
  ('d0000006-0000-0000-0000-000000000001', 'b0000003-0000-0000-0000-000000000008', 'Rajat Patidar', 28, 18, 2, 1, 'not out', 155.56, 4),
  ('d0000006-0000-0000-0000-000000000002', 'b0000010-0000-0000-0000-000000000001', 'Shubman Gill', 48, 36, 5, 1, 'c Kohli b Siraj', 133.33, 1),
  ('d0000006-0000-0000-0000-000000000002', 'b0000010-0000-0000-0000-000000000008', 'Sai Sudharsan', 35, 28, 3, 0, 'b Hasaranga', 125.00, 2),
  ('d0000006-0000-0000-0000-000000000002', 'b0000010-0000-0000-0000-000000000003', 'David Miller', 32, 20, 2, 1, 'c Patidar b Harshal', 160.00, 3),
  ('d0000006-0000-0000-0000-000000000002', 'b0000010-0000-0000-0000-000000000002', 'Rashid Khan', 28, 14, 1, 2, 'not out', 200.00, 4);

INSERT INTO innings_bowlers (innings_id, player_id, player_name, overs_bowled, maidens, runs_conceded, wickets_taken, economy) VALUES
  ('d0000006-0000-0000-0000-000000000001', 'b0000010-0000-0000-0000-000000000004', 'Mohammed Shami', 4.0, 0, 48, 1, 12.00),
  ('d0000006-0000-0000-0000-000000000001', 'b0000010-0000-0000-0000-000000000002', 'Rashid Khan', 4.0, 0, 38, 1, 9.50),
  ('d0000006-0000-0000-0000-000000000001', 'b0000010-0000-0000-0000-000000000007', 'Noor Ahmad', 4.0, 0, 42, 0, 10.50),
  ('d0000006-0000-0000-0000-000000000002', 'b0000003-0000-0000-0000-000000000004', 'Mohammed Siraj', 4.0, 0, 35, 1, 8.75),
  ('d0000006-0000-0000-0000-000000000002', 'b0000003-0000-0000-0000-000000000007', 'Wanindu Hasaranga', 4.0, 0, 32, 1, 8.00),
  ('d0000006-0000-0000-0000-000000000002', 'b0000003-0000-0000-0000-000000000006', 'Harshal Patel', 4.0, 0, 40, 1, 10.00);
