/*
  # Seed matches, innings, and scorecards (fixed)

  1. Data
    - 6 completed matches, 1 live match, 8 upcoming matches
    - Full scorecard data for completed and live matches
    - Ball-by-ball data for the live match

  2. Notes
    - Fixed innings_id reference error from previous attempt
*/

-- Insert matches
INSERT INTO matches (id, match_number, season, date, time_gmt, venue, city, home_team_id, away_team_id, status, toss_winner_id, toss_decision, result_description, winner_id, man_of_the_match_id, result_margin) VALUES
  ('c0000001-0000-0000-0000-000000000001', 1, 2026, '2026-03-22', '14:00', 'M.A. Chidambaram Stadium', 'Chennai', 'a0000001-0000-0000-0000-000000000001', 'a0000001-0000-0000-0000-000000000002', 'completed', 'a0000001-0000-0000-0000-000000000001', 'bat', 'CSK won by 6 wickets', 'a0000001-0000-0000-0000-000000000001', 'b0000001-0000-0000-0000-000000000002', '6 wickets'),
  ('c0000001-0000-0000-0000-000000000002', 2, 2026, '2026-03-23', '14:00', 'Eden Gardens', 'Kolkata', 'a0000001-0000-0000-0000-000000000004', 'a0000001-0000-0000-0000-000000000003', 'completed', 'a0000001-0000-0000-0000-000000000004', 'field', 'KKR won by 7 runs', 'a0000001-0000-0000-0000-000000000004', 'b0000004-0000-0000-0000-000000000002', '7 runs'),
  ('c0000001-0000-0000-0000-000000000003', 3, 2026, '2026-03-24', '14:00', 'Rajiv Gandhi Stadium', 'Hyderabad', 'a0000001-0000-0000-0000-000000000008', 'a0000001-0000-0000-0000-000000000005', 'completed', 'a0000001-0000-0000-0000-000000000008', 'field', 'SRH won by 4 wickets', 'a0000001-0000-0000-0000-000000000008', 'b0000008-0000-0000-0000-000000000003', '4 wickets'),
  ('c0000001-0000-0000-0000-000000000004', 4, 2026, '2026-03-25', '14:00', 'Narendra Modi Stadium', 'Ahmedabad', 'a0000001-0000-0000-0000-000000000010', 'a0000001-0000-0000-0000-000000000006', 'completed', 'a0000001-0000-0000-0000-000000000010', 'bat', 'GT won by 8 runs', 'a0000001-0000-0000-0000-000000000010', 'b0000010-0000-0000-0000-000000000002', '8 runs'),
  ('c0000001-0000-0000-0000-000000000005', 5, 2026, '2026-03-26', '14:00', 'Sawai Mansingh Stadium', 'Jaipur', 'a0000001-0000-0000-0000-000000000007', 'a0000001-0000-0000-0000-000000000009', 'completed', 'a0000001-0000-0000-0000-000000000007', 'field', 'RR won by 5 wickets', 'a0000001-0000-0000-0000-000000000007', 'b0000007-0000-0000-0000-000000000003', '5 wickets'),
  ('c0000001-0000-0000-0000-000000000006', 6, 2026, '2026-03-27', '14:00', 'M. Chinnaswamy Stadium', 'Bengaluru', 'a0000001-0000-0000-0000-000000000003', 'a0000001-0000-0000-0000-000000000010', 'completed', 'a0000001-0000-0000-0000-000000000003', 'bat', 'RCB won by 23 runs', 'a0000001-0000-0000-0000-000000000003', 'b0000003-0000-0000-0000-000000000001', '23 runs'),
  ('c0000001-0000-0000-0000-000000000007', 7, 2026, '2026-04-25', '14:00', 'Wankhede Stadium', 'Mumbai', 'a0000001-0000-0000-0000-000000000002', 'a0000001-0000-0000-0000-000000000001', 'live', 'a0000001-0000-0000-0000-000000000002', 'field', NULL, NULL, NULL, NULL),
  ('c0000001-0000-0000-0000-000000000008', 8, 2026, '2026-04-26', '14:00', 'Arun Jaitley Stadium', 'Delhi', 'a0000001-0000-0000-0000-000000000005', 'a0000001-0000-0000-0000-000000000004', 'upcoming', NULL, NULL, NULL, NULL, NULL, NULL),
  ('c0000001-0000-0000-0000-000000000009', 9, 2026, '2026-04-27', '14:00', 'PCA Stadium', 'Mohali', 'a0000001-0000-0000-0000-000000000006', 'a0000001-0000-0000-0000-000000000007', 'upcoming', NULL, NULL, NULL, NULL, NULL, NULL),
  ('c0000001-0000-0000-0000-000000000010', 10, 2026, '2026-04-28', '14:00', 'Ekana Cricket Stadium', 'Lucknow', 'a0000001-0000-0000-0000-000000000009', 'a0000001-0000-0000-0000-000000000008', 'upcoming', NULL, NULL, NULL, NULL, NULL, NULL),
  ('c0000001-0000-0000-0000-000000000011', 11, 2026, '2026-04-29', '14:00', 'M.A. Chidambaram Stadium', 'Chennai', 'a0000001-0000-0000-0000-000000000001', 'a0000001-0000-0000-0000-000000000003', 'upcoming', NULL, NULL, NULL, NULL, NULL, NULL),
  ('c0000001-0000-0000-0000-000000000012', 12, 2026, '2026-04-30', '14:00', 'Eden Gardens', 'Kolkata', 'a0000001-0000-0000-0000-000000000004', 'a0000001-0000-0000-0000-000000000010', 'upcoming', NULL, NULL, NULL, NULL, NULL, NULL),
  ('c0000001-0000-0000-0000-000000000013', 13, 2026, '2026-05-01', '14:00', 'Narendra Modi Stadium', 'Ahmedabad', 'a0000001-0000-0000-0000-000000000010', 'a0000001-0000-0000-0000-000000000002', 'upcoming', NULL, NULL, NULL, NULL, NULL, NULL),
  ('c0000001-0000-0000-0000-000000000014', 14, 2026, '2026-05-02', '14:00', 'Rajiv Gandhi Stadium', 'Hyderabad', 'a0000001-0000-0000-0000-000000000008', 'a0000001-0000-0000-0000-000000000006', 'upcoming', NULL, NULL, NULL, NULL, NULL, NULL),
  ('c0000001-0000-0000-0000-000000000015', 15, 2026, '2026-05-03', '14:00', 'Sawai Mansingh Stadium', 'Jaipur', 'a0000001-0000-0000-0000-000000000007', 'a0000001-0000-0000-0000-000000000005', 'upcoming', NULL, NULL, NULL, NULL, NULL, NULL);

-- Match 1: CSK vs MI - CSK won by 6 wickets
INSERT INTO match_innings (id, match_id, innings_number, batting_team_id, bowling_team_id, total_runs, wickets_lost, overs_bowled, extras_total) VALUES
  ('d0000001-0000-0000-0000-000000000001', 'c0000001-0000-0000-0000-000000000001', 1, 'a0000001-0000-0000-0000-000000000002', 'a0000001-0000-0000-0000-000000000001', 165, 6, 20.0, 12),
  ('d0000001-0000-0000-0000-000000000002', 'c0000001-0000-0000-0000-000000000001', 2, 'a0000001-0000-0000-0000-000000000001', 'a0000001-0000-0000-0000-000000000002', 168, 4, 18.3, 8);

INSERT INTO innings_batsmen (innings_id, player_id, player_name, runs_scored, balls_faced, fours, sixes, dismissal, strike_rate, batting_order) VALUES
  ('d0000001-0000-0000-0000-000000000001', 'b0000002-0000-0000-0000-000000000002', 'Rohit Sharma', 48, 36, 5, 2, 'c Dhoni b Chahar', 133.33, 1),
  ('d0000001-0000-0000-0000-000000000001', 'b0000002-0000-0000-0000-000000000005', 'Ishan Kishan', 32, 28, 4, 0, 'b Pathirana', 114.29, 2),
  ('d0000001-0000-0000-0000-000000000001', 'b0000002-0000-0000-0000-000000000004', 'Suryakumar Yadav', 27, 22, 3, 0, 'c Conway b Jadeja', 122.73, 3),
  ('d0000001-0000-0000-0000-000000000001', 'b0000002-0000-0000-0000-000000000001', 'Hardik Pandya', 24, 18, 2, 1, 'run out', 133.33, 4),
  ('d0000001-0000-0000-0000-000000000001', 'b0000002-0000-0000-0000-000000000007', 'Tim David', 18, 12, 1, 1, 'c Rahane b Deshpande', 150.00, 5),
  ('d0000001-0000-0000-0000-000000000001', 'b0000002-0000-0000-0000-000000000009', 'Tilak Varma', 8, 10, 0, 0, 'not out', 80.00, 6),
  ('d0000001-0000-0000-0000-000000000002', 'b0000001-0000-0000-0000-000000000004', 'Devon Conway', 52, 38, 6, 1, 'b Bumrah', 136.84, 1),
  ('d0000001-0000-0000-0000-000000000002', 'b0000001-0000-0000-0000-000000000001', 'Ruturaj Gaikwad', 46, 32, 5, 2, 'c Kishan b Boult', 143.75, 2),
  ('d0000001-0000-0000-0000-000000000002', 'b0000001-0000-0000-0000-000000000009', 'Shivam Dube', 28, 16, 2, 2, 'not out', 175.00, 3),
  ('d0000001-0000-0000-0000-000000000002', 'b0000001-0000-0000-0000-000000000002', 'Ravindra Jadeja', 20, 14, 2, 0, 'c David b Chawla', 142.86, 4),
  ('d0000001-0000-0000-0000-000000000002', 'b0000001-0000-0000-0000-000000000003', 'MS Dhoni', 12, 6, 1, 1, 'not out', 200.00, 5);

INSERT INTO innings_bowlers (innings_id, player_id, player_name, overs_bowled, maidens, runs_conceded, wickets_taken, economy) VALUES
  ('d0000001-0000-0000-0000-000000000001', 'b0000001-0000-0000-0000-000000000005', 'Deepak Chahar', 4.0, 0, 38, 1, 9.50),
  ('d0000001-0000-0000-0000-000000000001', 'b0000001-0000-0000-0000-000000000006', 'Matheesha Pathirana', 4.0, 0, 32, 1, 8.00),
  ('d0000001-0000-0000-0000-000000000001', 'b0000001-0000-0000-0000-000000000002', 'Ravindra Jadeja', 4.0, 0, 28, 1, 7.00),
  ('d0000001-0000-0000-0000-000000000001', 'b0000001-0000-0000-0000-000000000008', 'Tushar Deshpande', 4.0, 0, 35, 1, 8.75),
  ('d0000001-0000-0000-0000-000000000001', 'b0000001-0000-0000-0000-000000000007', 'Moeen Ali', 4.0, 0, 32, 0, 8.00),
  ('d0000001-0000-0000-0000-000000000002', 'b0000002-0000-0000-0000-000000000003', 'Jasprit Bumrah', 4.0, 0, 30, 1, 7.50),
  ('d0000001-0000-0000-0000-000000000002', 'b0000002-0000-0000-0000-000000000006', 'Trent Boult', 3.3, 0, 35, 1, 10.00),
  ('d0000001-0000-0000-0000-000000000002', 'b0000002-0000-0000-0000-000000000008', 'Piyush Chawla', 4.0, 0, 42, 1, 10.50),
  ('d0000001-0000-0000-0000-000000000002', 'b0000002-0000-0000-0000-000000000001', 'Hardik Pandya', 4.0, 0, 36, 0, 9.00),
  ('d0000001-0000-0000-0000-000000000002', 'b0000002-0000-0000-0000-000000000009', 'Tilak Varma', 3.0, 0, 25, 0, 8.33);

-- Match 2: KKR vs RCB - KKR won by 7 runs
INSERT INTO match_innings (id, match_id, innings_number, batting_team_id, bowling_team_id, total_runs, wickets_lost, overs_bowled, extras_total) VALUES
  ('d0000002-0000-0000-0000-000000000001', 'c0000001-0000-0000-0000-000000000002', 1, 'a0000001-0000-0000-0000-000000000003', 'a0000001-0000-0000-0000-000000000004', 182, 8, 20.0, 10),
  ('d0000002-0000-0000-0000-000000000002', 'c0000001-0000-0000-0000-000000000002', 2, 'a0000001-0000-0000-0000-000000000004', 'a0000001-0000-0000-0000-000000000003', 189, 5, 19.4, 9);

INSERT INTO innings_batsmen (innings_id, player_id, player_name, runs_scored, balls_faced, fours, sixes, dismissal, strike_rate, batting_order) VALUES
  ('d0000002-0000-0000-0000-000000000001', 'b0000003-0000-0000-0000-000000000001', 'Virat Kohli', 67, 48, 7, 2, 'c Russell b Starc', 139.58, 1),
  ('d0000002-0000-0000-0000-000000000001', 'b0000003-0000-0000-0000-000000000002', 'Faf du Plessis', 35, 26, 4, 1, 'c Salt b Chakravarthy', 134.62, 2),
  ('d0000002-0000-0000-0000-000000000001', 'b0000003-0000-0000-0000-000000000003', 'Glenn Maxwell', 22, 15, 1, 2, 'b Narine', 146.67, 3),
  ('d0000002-0000-0000-0000-000000000001', 'b0000003-0000-0000-0000-000000000008', 'Rajat Patidar', 28, 20, 3, 0, 'run out', 140.00, 4),
  ('d0000002-0000-0000-0000-000000000001', 'b0000003-0000-0000-0000-000000000005', 'Dinesh Karthik', 15, 10, 2, 0, 'c Iyer b Russell', 150.00, 5),
  ('d0000002-0000-0000-0000-000000000002', 'b0000004-0000-0000-0000-000000000005', 'Phil Salt', 54, 32, 6, 2, 'b Siraj', 168.75, 1),
  ('d0000002-0000-0000-0000-000000000002', 'b0000004-0000-0000-0000-000000000001', 'Shreyas Iyer', 42, 30, 4, 1, 'c Kohli b Hasaranga', 140.00, 2),
  ('d0000002-0000-0000-0000-000000000002', 'b0000004-0000-0000-0000-000000000002', 'Andre Russell', 35, 18, 2, 3, 'not out', 194.44, 3),
  ('d0000002-0000-0000-0000-000000000002', 'b0000004-0000-0000-0000-000000000008', 'Rinku Singh', 28, 16, 3, 1, 'c Patel b Harshal', 175.00, 4),
  ('d0000002-0000-0000-0000-000000000002', 'b0000004-0000-0000-0000-000000000003', 'Sunil Narine', 18, 10, 1, 2, 'b Maxwell', 180.00, 5);

INSERT INTO innings_bowlers (innings_id, player_id, player_name, overs_bowled, maidens, runs_conceded, wickets_taken, economy) VALUES
  ('d0000002-0000-0000-0000-000000000001', 'b0000004-0000-0000-0000-000000000004', 'Mitchell Starc', 4.0, 0, 42, 1, 10.50),
  ('d0000002-0000-0000-0000-000000000001', 'b0000004-0000-0000-0000-000000000006', 'Varun Chakravarthy', 4.0, 0, 36, 1, 9.00),
  ('d0000002-0000-0000-0000-000000000001', 'b0000004-0000-0000-0000-000000000003', 'Sunil Narine', 4.0, 0, 30, 1, 7.50),
  ('d0000002-0000-0000-0000-000000000001', 'b0000004-0000-0000-0000-000000000002', 'Andre Russell', 4.0, 0, 38, 2, 9.50),
  ('d0000002-0000-0000-0000-000000000001', 'b0000004-0000-0000-0000-000000000007', 'Venkatesh Iyer', 4.0, 0, 36, 0, 9.00),
  ('d0000002-0000-0000-0000-000000000002', 'b0000003-0000-0000-0000-000000000004', 'Mohammed Siraj', 3.4, 0, 45, 1, 12.27),
  ('d0000002-0000-0000-0000-000000000002', 'b0000003-0000-0000-0000-000000000006', 'Harshal Patel', 4.0, 0, 42, 1, 10.50),
  ('d0000002-0000-0000-0000-000000000002', 'b0000003-0000-0000-0000-000000000007', 'Wanindu Hasaranga', 4.0, 0, 38, 1, 9.50),
  ('d0000002-0000-0000-0000-000000000002', 'b0000003-0000-0000-0000-000000000003', 'Glenn Maxwell', 4.0, 0, 35, 1, 8.75);

-- Match 7 (LIVE): MI vs CSK
INSERT INTO match_innings (id, match_id, innings_number, batting_team_id, bowling_team_id, total_runs, wickets_lost, overs_bowled, extras_total) VALUES
  ('d0000007-0000-0000-0000-000000000001', 'c0000001-0000-0000-0000-000000000007', 1, 'a0000001-0000-0000-0000-000000000002', 'a0000001-0000-0000-0000-000000000001', 142, 3, 14.2, 6);

INSERT INTO innings_batsmen (innings_id, player_id, player_name, runs_scored, balls_faced, fours, sixes, dismissal, strike_rate, batting_order) VALUES
  ('d0000007-0000-0000-0000-000000000001', 'b0000002-0000-0000-0000-000000000002', 'Rohit Sharma', 62, 40, 7, 2, 'not out', 155.00, 1),
  ('d0000007-0000-0000-0000-000000000001', 'b0000002-0000-0000-0000-000000000005', 'Ishan Kishan', 28, 22, 3, 0, 'c Dhoni b Chahar', 127.27, 2),
  ('d0000007-0000-0000-0000-000000000001', 'b0000002-0000-0000-0000-000000000004', 'Suryakumar Yadav', 35, 20, 4, 1, 'b Jadeja', 175.00, 3),
  ('d0000007-0000-0000-0000-000000000001', 'b0000002-0000-0000-0000-000000000001', 'Hardik Pandya', 12, 8, 1, 0, 'not out', 150.00, 4);

INSERT INTO innings_bowlers (innings_id, player_id, player_name, overs_bowled, maidens, runs_conceded, wickets_taken, economy) VALUES
  ('d0000007-0000-0000-0000-000000000001', 'b0000001-0000-0000-0000-000000000005', 'Deepak Chahar', 3.0, 0, 28, 1, 9.33),
  ('d0000007-0000-0000-0000-000000000001', 'b0000001-0000-0000-0000-000000000006', 'Matheesha Pathirana', 3.0, 0, 32, 0, 10.67),
  ('d0000007-0000-0000-0000-000000000001', 'b0000001-0000-0000-0000-000000000002', 'Ravindra Jadeja', 3.0, 0, 22, 1, 7.33),
  ('d0000007-0000-0000-0000-000000000001', 'b0000001-0000-0000-0000-000000000008', 'Tushar Deshpande', 3.0, 0, 30, 0, 10.00),
  ('d0000007-0000-0000-0000-000000000001', 'b0000001-0000-0000-0000-000000000007', 'Moeen Ali', 2.2, 0, 24, 0, 10.29);

-- Ball-by-ball for live match
INSERT INTO ball_by_ball (match_id, innings_id, over_number, ball_number, batsman_id, bowler_id, runs_scored, is_wicket, is_four, is_six, extras_type, extras_runs, commentary_text) VALUES
  ('c0000001-0000-0000-0000-000000000007', 'd0000007-0000-0000-0000-000000000001', 13, 1, 'b0000002-0000-0000-0000-000000000002', 'b0000001-0000-0000-0000-000000000002', 1, false, false, false, NULL, 0, 'Rohit drives to long-on for a single'),
  ('c0000001-0000-0000-0000-000000000007', 'd0000007-0000-0000-0000-000000000001', 13, 2, 'b0000002-0000-0000-0000-000000000001', 'b0000001-0000-0000-0000-000000000002', 0, false, false, false, NULL, 0, 'Hardik defends to mid-wicket, no run'),
  ('c0000001-0000-0000-0000-000000000007', 'd0000007-0000-0000-0000-000000000001', 13, 3, 'b0000002-0000-0000-0000-000000000001', 'b0000001-0000-0000-0000-000000000002', 6, false, false, true, NULL, 0, 'Hardik Pandya launches it over mid-wicket for SIX!'),
  ('c0000001-0000-0000-0000-000000000007', 'd0000007-0000-0000-0000-000000000001', 13, 4, 'b0000002-0000-0000-0000-000000000001', 'b0000001-0000-0000-0000-000000000002', 2, false, false, false, NULL, 0, 'Punched through covers, easy two'),
  ('c0000001-0000-0000-0000-000000000007', 'd0000007-0000-0000-0000-000000000001', 13, 5, 'b0000002-0000-0000-0000-000000000001', 'b0000001-0000-0000-0000-000000000002', 1, false, false, false, NULL, 0, 'Pushed to long-off for one'),
  ('c0000001-0000-0000-0000-000000000007', 'd0000007-0000-0000-0000-000000000001', 13, 6, 'b0000002-0000-0000-0000-000000000002', 'b0000001-0000-0000-0000-000000000002', 4, false, true, false, NULL, 0, 'FOUR! Rohit cuts past point, boundary!'),
  ('c0000001-0000-0000-0000-000000000007', 'd0000007-0000-0000-0000-000000000001', 14, 1, 'b0000002-0000-0000-0000-000000000002', 'b0000001-0000-0000-0000-000000000008', 0, false, false, false, NULL, 0, 'Deshpande to Rohit, dot ball, good length outside off'),
  ('c0000001-0000-0000-0000-000000000007', 'd0000007-0000-0000-0000-000000000001', 14, 2, 'b0000002-0000-0000-0000-000000000002', 'b0000001-0000-0000-0000-000000000008', 1, false, false, false, NULL, 0, 'Single to mid-wicket'),
  ('c0000001-0000-0000-0000-000000000007', 'd0000007-0000-0000-0000-000000000001', 14, 3, 'b0000002-0000-0000-0000-000000000001', 'b0000001-0000-0000-0000-000000000008', 4, false, true, false, NULL, 0, 'FOUR! Hardik drives through extra cover, brilliant shot!'),
  ('c0000001-0000-0000-0000-000000000007', 'd0000007-0000-0000-0000-000000000001', 14, 4, 'b0000002-0000-0000-0000-000000000001', 'b0000001-0000-0000-0000-000000000008', 0, false, false, false, 'wide', 1, 'Wide down the leg side'),
  ('c0000001-0000-0000-0000-000000000007', 'd0000007-0000-0000-0000-000000000001', 14, 4, 'b0000002-0000-0000-0000-000000000001', 'b0000001-0000-0000-0000-000000000008', 2, false, false, false, NULL, 0, 'Pulled to deep mid-wicket, two runs');
